Title,Year Released,Rating,Category
Τελευταία έξοδος: Ρίτα Χέιγουορθ,1994,9.3,Drama
Ο νονός,1972,9.2,"Crime, Drama"
Soorarai Pottru,2020,9.1,Drama
Ο σκοτεινός ιππότης,2008,9.0,"Action, Crime, Drama"
"Ο νονός, μέρος 2ο",1974,9.0,"Crime, Drama"
Οι 12 Ένορκοι,1957,9.0,"Crime, Drama"
Dara iz Jasenovca,2020,8.9,"Drama, War"
Ο άρχοντας των δαχτυλιδιών: Η επιστροφή του βασιλιά,2003,8.9,"Action, Adventure, Drama"
Pulp Fiction,1994,8.9,"Crime, Drama"
Η λίστα του Σίντλερ,1993,8.9,"Biography, Drama, History"
Inception,2010,8.8,"Action, Adventure, Sci-Fi"
Shershaah,2021,8.8,"Action, Biography, Drama"
Fight Club,1999,8.8,Drama
Ο άρχοντας των δαχτυλιδιών: Η συντροφιά του δαχτυλιδιού,2001,8.8,"Action, Adventure, Drama"
Φόρεστ Γκαμπ,1994,8.8,"Drama, Romance"
"Ο καλός, ο κακός και ο άσχημος",1966,8.8,Western
Ο άρχοντας των δαχτυλιδιών: Οι δύο πύργοι,2002,8.7,"Action, Adventure, Drama"
The Matrix,1999,8.7,"Action, Sci-Fi"
Τα καλά παιδιά,1990,8.7,"Biography, Crime, Drama"
Ο πόλεμος των άστρων: Επεισόδιο 5 - Η αυτοκρατορία αντεπιτίθεται,1980,8.7,"Action, Adventure, Fantasy"
Στη φωλιά του κούκου,1975,8.7,Drama
Παράσιτα,2019,8.6,"Comedy, Drama, Thriller"
Drishyam 2,2021,8.6,"Crime, Drama, Thriller"
Interstellar,2014,8.6,"Adventure, Drama, Sci-Fi"
Η πόλη του Θεού,2002,8.6,"Crime, Drama"
Ταξίδι στη χώρα των θαυμάτων,2001,8.6,"Animation, Adventure, Family"
Η διάσωση του στρατιώτη Ράιαν,1998,8.6,"Drama, War"
Το πράσινο μίλι,1999,8.6,"Crime, Drama, Fantasy"
Η ζωή είναι ωραία,1997,8.6,"Comedy, Drama, Romance"
Seven,1995,8.6,"Crime, Drama, Mystery"
Η σιωπή των αμνών,1991,8.6,"Crime, Drama, Thriller"
Ο πόλεμος των άστρων: Επεισόδιο 4 - Μια νέα ελπίδα (1977),1977,8.6,"Action, Adventure, Fantasy"
Harakiri,1962,8.6,"Action, Drama, Mystery"
Οι επτά σαμουράι,1954,8.6,"Action, Adventure, Drama"
Μια υπέροχη ζωή,1946,8.6,"Drama, Family, Fantasy"
Ratsasan,2018,8.5,"Action, Crime, Drama"
Χωρίς μέτρο,2014,8.5,"Drama, Music"
Άθικτοι,2011,8.5,"Biography, Comedy, Drama"
Dune,2021,8.5,"Action, Adventure, Drama"
The Prestige,2006,8.5,"Drama, Mystery, Sci-Fi"
Ο Πληροφοριοδότης,2006,8.5,"Crime, Drama, Thriller"
Ο πιανίστας,2002,8.5,"Biography, Drama, Music"
Μονομάχος,2000,8.5,"Action, Adventure, Drama"
Μαθήματα Αμερικανικής ιστορίας,1998,8.5,Drama
Συνήθεις ύποπτοι,1995,8.5,"Crime, Mystery, Thriller"
Léon,1994,8.5,"Action, Crime, Drama"
The Lion King,1994,8.5,"Animation, Adventure, Drama"
Εξολοθρευτής 2: Μέρα Κρίσης (1991),1991,8.5,"Action, Sci-Fi"
Σινεμά ο Παράδεισος,1988,8.5,"Drama, Romance"
Hotaru no haka,1988,8.5,"Animation, Drama, War"
Επιστροφή στο μέλλον,1985,8.5,"Adventure, Comedy, Sci-Fi"
Κάποτε στη Δύση,1968,8.5,Western
Ψυχώ,1960,8.5,"Horror, Mystery, Thriller"
Το Τραγούδι του Δρόμου,1955,8.5,Drama
Σιωπηλός μάρτυς,1954,8.5,"Mystery, Thriller"
Καζαμπλάνκα,1942,8.5,"Drama, Romance, War"
Μοντέρνοι καιροί,1936,8.5,"Comedy, Drama, Family"
Τα φώτα της πόλεως,1931,8.5,"Comedy, Drama, Romance"
Hamilton,2020,8.4,"Biography, Drama, History"
Καπερναούμ,2018,8.4,Drama
Joker,2019,8.4,"Crime, Drama, Thriller"
Ayla: The Daughter of War,2017,8.4,"Biography, Drama, History"
Your Name,2016,8.4,"Animation, Drama, Fantasy"
Dangal,2016,8.4,"Action, Biography, Drama"
Spider-Man: Μέσα στο Αραχνο-Σύμπαν,2018,8.4,"Animation, Action, Adventure"
Εκδικητές: Η τελευταία πράξη,2019,8.4,"Action, Adventure, Drama"
Εκδικητές: Ο πόλεμος της αιωνιότητας,2018,8.4,"Action, Adventure, Sci-Fi"
Coco,2017,8.4,"Animation, Adventure, Comedy"
"Django, ο τιμωρός",2012,8.4,"Drama, Western"
Ο σκοτεινός ιππότης: Η επιστροφή,2012,8.4,Action
Οι τρεις ηλίθιοι,2009,8.4,"Comedy, Drama"
Taare Zameen Par,2007,8.4,"Drama, Family"
Γουόλ-Υ,2008,8.4,"Animation, Adventure, Family"
Οι ζωές των άλλων,2006,8.4,"Drama, Mystery, Thriller"
Oldboy,2003,8.4,"Action, Drama, Mystery"
Memento,2000,8.4,"Mystery, Thriller"
Πριγκίπισσα Μονονόκε,1997,8.4,"Animation, Action, Adventure"
Κάποτε στην Αμερική,1984,8.4,"Crime, Drama"
Οι Κυνηγοί της Χαμένης Κιβωτού,1981,8.4,"Action, Adventure"
Η λάμψη,1980,8.4,"Drama, Horror"
Αποκάλυψη τώρα!,1979,8.4,"Drama, Mystery, War"
"Άλιεν, ο Επιβάτης του Διαστήματος",1979,8.4,"Horror, Sci-Fi"
Tengoku to jigoku,1963,8.4,"Crime, Drama, Mystery"
S.O.S. Πεντάγωνο καλεί Μόσχα,1964,8.4,Comedy
Μάρτυς κατηγορίας,1957,8.4,"Crime, Drama, Mystery"
Σταυροί στο μέτωπο,1957,8.4,"Drama, War"
Η λεωφόρος της δύσεως,1950,8.4,"Drama, Film-Noir"
Ο δικτάτωρ,1940,8.4,"Comedy, Drama, War"
Chhichhore,2019,8.3,"Comedy, Drama, Romance"
1917,2019,8.3,"Action, Drama, War"
Uri: The Surgical Strike,2019,8.3,"Action, Drama, War"
Τουμπάντ,2018,8.3,"Drama, Fantasy, Horror"
K.G.F: Chapter 1,2018,8.3,"Action, Crime, Drama"
Vikram Vedha,2017,8.3,"Action, Crime, Drama"
Drishyam,2013,8.3,"Crime, Drama, Thriller"
Το κυνήγι,2012,8.3,Drama
Ένας χωρισμός,2011,8.3,Drama
Μέσα από τις φλόγες,2010,8.3,"Drama, Mystery, War"
Kimetsu no Yaiba: Mugen Ressha-Hen,2020,8.3,"Animation, Action, Adventure"
Ο Πατέρας,2020,8.3,Drama
Babam ve Oglum,2005,8.3,"Drama, Family"
Άδοξοι μπάσταρδοι,2009,8.3,"Adventure, Drama, War"
Η Αιώνια Λιακάδα ενός Καθαρού Μυαλού,2004,8.3,"Drama, Romance, Sci-Fi"
Αμελί,2001,8.3,"Comedy, Romance"
Η αρπαχτή,2000,8.3,"Comedy, Crime"
Ρέκβιεμ για ένα όνειρο,2000,8.3,Drama
American Beauty,1999,8.3,Drama
Ο ξεχωριστός Γουίλ Χάντινγκ,1997,8.3,"Drama, Romance"
Τα παιδιά του παραδείσου,1997,8.3,"Drama, Family, Sport"
Η ιστορία των παιχνιδιών,1995,8.3,"Animation, Adventure, Comedy"
Braveheart,1995,8.3,"Biography, Drama, History"
Reservoir Dogs,1992,8.3,"Crime, Drama, Thriller"
Metal Jacket,1987,8.3,"Drama, War"
Έλα να δεις,1985,8.3,"Drama, Thriller, War"
"Άλιενς, η Επιστροφή",1986,8.3,"Action, Adventure, Sci-Fi"
Αμαντέους,1984,8.3,"Biography, Drama, History"
Ο σημαδεμένος,1983,8.3,"Crime, Drama"
Ο πόλεμος των άστρων: Επεισόδιο 6 - Η επιστροφή των Τζεντάι,1983,8.3,"Action, Adventure, Fantasy"
Υποβρύχιο U-96: Επιστροφή στην κόλαση,1981,8.3,"Adventure, Drama, Thriller"
Το κεντρί,1973,8.3,"Comedy, Crime, Drama"
Το κουρδιστό πορτοκάλι,1971,8.3,"Crime, Drama, Sci-Fi"
2001: Η οδύσσεια του διαστήματος,1968,8.3,"Adventure, Sci-Fi"
Σκιές και σιωπή,1962,8.3,"Crime, Drama"
Ο Λώρενς της Αραβίας,1962,8.3,"Adventure, Biography, Drama"
Η γκαρσονιέρα,1960,8.3,"Comedy, Drama, Romance"
Στη σκιά των τεσσάρων γιγάντων,1959,8.3,"Adventure, Mystery, Thriller"
Δεσμώτης του ιλίγγου,1958,8.3,"Mystery, Romance, Thriller"
Τραγουδώντας στη βροχή,1952,8.3,"Comedy, Musical, Romance"
Ο καταδικασμένος,1952,8.3,Drama
Κλέφτης ποδηλάτων,1948,8.3,Drama
Κολασμένη αγάπη,1944,8.3,"Crime, Drama, Film-Noir"
Ο πολίτης Κέιν,1941,8.3,"Drama, Mystery"
Ο Δράκος του Ντίσελντορφ,1931,8.3,"Crime, Mystery, Thriller"
Μητρόπολις,1927,8.3,"Drama, Sci-Fi"
Το χαμίνι,1921,8.3,"Comedy, Drama, Family"
Andhadhun,2018,8.2,"Crime, Drama, Music"
Το πράσινο βιβλίο,2018,8.2,"Biography, Comedy, Drama"
Koe no katachi,2016,8.2,"Animation, Drama"
Talvar,2015,8.2,"Crime, Drama, Mystery"
Baahubali 2: The Conclusion,2017,8.2,"Action, Drama"
Κλάους: Το Μυστικό των Χριστουγέννων,2019,8.2,"Animation, Adventure, Comedy"
Ζωή σε κάστες,2015,8.2,Drama
Drishyam,2015,8.2,"Crime, Drama, Mystery"
Queen,2013,8.2,"Adventure, Comedy, Drama"
Μανταρίνια,2013,8.2,"Drama, War"
Bhaag Milkha Bhaag,2013,8.2,"Biography, Drama, Sport"
Gangs of Wasseypur,2012,8.2,"Action, Crime, Drama"
Udaan,2010,8.2,Drama
Paan Singh Tomar,2012,8.2,"Action, Biography, Crime"
3 εβδομάδες προθεσμία,2011,8.2,"Comedy, Drama"
Το μυστικό στα μάτια της,2009,8.2,"Drama, Mystery, Romance"
Το νησί των καταραμένων,2010,8.2,"Mystery, Thriller"
Ψηλά στον ουρανό,2009,8.2,"Animation, Adventure, Comedy"
Miracle in Cell No. 7,2019,8.2,Drama
Article 15,2019,8.2,"Crime, Drama, Mystery"
Ο λύκος της Wall Street,2013,8.2,"Biography, Crime, Drama"
Chak De! India,2007,8.2,"Drama, Family, Sport"
Θα χυθεί αίμα,2007,8.2,Drama
Ο λαβύρινθος του Πάνα,2006,8.2,"Drama, Fantasy, War"
Η ιστορία των παιχνιδιών 3,2010,8.2,"Animation, Adventure, Comedy"
Black,2005,8.2,Drama
Μπάτμαν: Η αρχή,2005,8.2,"Action, Adventure"
"Swades: We, the People",2004,8.2,"Drama, Musical"
Η πτώση,2004,8.2,"Biography, Drama, History"
Το κινούμενο κάστρο,2004,8.2,"Animation, Adventure, Family"
Ένας υπέροχος άνθρωπος,2001,8.2,"Biography, Drama"
Hera Pheri,2000,8.2,"Action, Comedy, Crime"
Δυο καπνισμένες κάνες,1998,8.2,"Action, Comedy, Crime"
Λος Άντζελες: Εμπιστευτικό,1997,8.2,"Crime, Drama, Mystery"
Eskiya,1996,8.2,"Crime, Drama, Thriller"
Ένταση,1995,8.2,"Crime, Drama, Thriller"
Καζίνο,1995,8.2,"Crime, Drama"
Οι ασυγχώρητοι,1992,8.2,"Drama, Western"
Ο Ιντιάνα Τζόουνς και η Τελευταία Σταυροφορία,1989,8.2,"Action, Adventure"
Καιροί των τσιγγάνων,1988,8.2,"Comedy, Crime, Drama"
Η γειτονιά του δάσους: Οι περιπέτειες του Τοτόρο,1988,8.2,"Animation, Family, Fantasy"
Πολύ σκληρός για να πεθάνει,1988,8.2,"Action, Thriller"
Ran,1985,8.2,"Action, Drama, War"
Οργισμένο είδωλο,1980,8.2,"Biography, Drama, Sport"
Φθινοπωρινή σονάτα,1978,8.2,"Drama, Music"
Ο ταξιτζής,1976,8.2,"Crime, Drama"
Ο Λέων της Αραβίας,1976,8.2,"Biography, Drama, History"
Sholay,1975,8.2,"Action, Adventure, Comedy"
Οι Ιππότες της Ελεεινής Τραπέζης,1975,8.2,"Adventure, Comedy, Fantasy"
Τσάιναταουν,1974,8.2,"Drama, Mystery, Thriller"
Anand,1971,8.2,"Drama, Musical"
Μονομαχία στο Ελ Πάσο,1965,8.2,Western
Η μεγάλη απόδραση,1963,8.2,"Adventure, Drama, History"
Γιοζίμπο,1961,8.2,"Action, Drama, Thriller"
Η δίκη της Νυρεμβέργης,1961,8.2,"Drama, War"
Μερικοί το προτιμούν καυτό,1959,8.2,"Comedy, Music, Romance"
Άγριες φράουλες,1957,8.2,"Drama, Romance"
Η έβδομη σφραγίδα,1957,8.2,"Drama, Fantasy, History"
Τηλεφωνήσατε ασφάλεια αμέσου δράσεως,1954,8.2,"Crime, Thriller"
Επίσκεψη στο Τόκυο,1953,8.2,Drama
Η γκέισα και ο σαμουράι,1950,8.2,"Crime, Drama, Mystery"
Όλα για την Εύα,1950,8.2,Drama
Ο θησαυρός της Σιέρρα Μάντρε,1948,8.2,"Adventure, Drama, Western"
Να Ζει Κανείς ή Να μη Ζει;,1942,8.2,"Comedy, Romance, War"
Ο χρυσοθήρας,1925,8.2,"Adventure, Comedy, Drama"
Sherlock Jr.,1924,8.2,"Action, Comedy, Romance"
Το Πορτρέτο Μιας Γυναίκας Που Φλέγεται,2019,8.1,"Drama, Romance"
Pink,2016,8.1,"Crime, Drama, Thriller"
Wolfwalkers,2020,8.1,"Animation, Adventure, Family"
"Οι τρεις πινακίδες έξω από το Έμπινγκ, στο Μιζούρι",2017,8.1,"Comedy, Crime, Drama"
Αόρατος Επισκέπτης,2016,8.1,"Crime, Drama, Mystery"
Η Υπηρέτρια,2016,8.1,"Drama, Romance, Thriller"
Mommy,2014,8.1,Drama
Haider,2014,8.1,"Action, Crime, Drama"
Λόγκαν,2017,8.1,"Action, Drama, Sci-Fi"
Το δωμάτιο,2015,8.1,"Drama, Thriller"
Ιστορίες για Αγρίους,2014,8.1,"Comedy, Drama, Thriller"
Soul,2020,8.1,"Animation, Adventure, Comedy"
Χειμερία νάρκη,2014,8.1,Drama
PK,2014,8.1,"Comedy, Drama, Musical"
OMG: Oh My God!,2012,8.1,"Comedy, Drama, Fantasy"
The Grand Budapest Hotel,2014,8.1,"Adventure, Comedy, Crime"
Το κορίτσι που εξαφανίστηκε,2014,8.1,"Drama, Mystery, Thriller"
Ôkami kodomo no Ame to Yuki,2012,8.1,"Animation, Drama, Fantasy"
Αντιρρησίας Συνείδησης,2016,8.1,"Biography, Drama, History"
Τα μυαλά που κουβαλάς,2015,8.1,"Animation, Adventure, Comedy"
Barfi!,2012,8.1,"Comedy, Drama, Romance"
12 χρόνια σκλάβος,2013,8.1,"Biography, Drama, History"
Rush,2013,8.1,"Action, Biography, Drama"
Κόντρα σε Όλα,2019,8.1,"Action, Biography, Drama"
Spotlight: Όλα στο φως,2015,8.1,"Biography, Crime, Drama"
Το τραγούδι της θάλασσας,2014,8.1,"Animation, Adventure, Drama"
Kahaani,2012,8.1,"Mystery, Thriller"
Prisoners,2013,8.1,"Crime, Drama, Mystery"
Μαντ Μαξ: Ο δρόμος της οργής,2015,8.1,"Action, Adventure, Sci-Fi"
Warrior,2011,8.1,"Action, Drama, Sport"
A Wednesday,2008,8.1,"Action, Crime, Drama"
Zack Snyder's Justice League,2021,8.1,"Action, Adventure, Fantasy"
Gran Torino,2008,8.1,Drama
Ο Χάρι Πότερ και οι κλήροι του θανάτου: Μέρος 2ο,2011,8.1,"Adventure, Drama, Fantasy"
Αναχωρήσεις,2008,8.1,"Drama, Music"
Hachiko: Η Ιστορία ενός Σκύλου,2009,8.1,"Biography, Drama, Family"
Μαίρη και Μαξ,2009,8.1,"Animation, Comedy, Drama"
Πώς να εκπαιδεύσετε τον δράκο σας,2010,8.1,"Animation, Action, Adventure"
Ταξίδι στην άγρια φύση,2007,8.1,"Adventure, Biography, Drama"
Καμιά πατρίδα για τους μελλοθάνατους,2007,8.1,"Crime, Drama, Thriller"
Lage Raho Munna Bhai,2006,8.1,"Comedy, Drama, Romance"
V for Vendetta,2005,8.1,"Action, Drama, Sci-Fi"
Κανείς δεν ξέρει,2004,8.1,Drama
Rang De Basanti,2006,8.1,"Comedy, Crime, Drama"
Million Dollar Baby,2004,8.1,"Drama, Sport"
Hotel Rwanda,2004,8.1,"Biography, Drama, History"
Πριν το ηλιοβασίλεμα,2004,8.1,"Drama, Romance"
Munna Bhai M.B.B.S.,2003,8.1,"Comedy, Drama"
Μνήμες εγκλήματος,2003,8.1,"Crime, Drama, Mystery"
Dil Chahta Hai,2001,8.1,"Comedy, Drama, Romance"
Kill Bill Volume 1,2003,8.1,"Action, Crime, Drama"
Ψάχνοντας τον Νέμο,2003,8.1,"Animation, Adventure, Comedy"
"Πιάσε με, αν μπορείς",2002,8.1,"Biography, Crime, Drama"
Χαμένες αγάπες,2000,8.1,"Drama, Thriller"
Μπαμπούλας Α.Ε.,2001,8.1,"Animation, Adventure, Comedy"
"Shin seiki Evangelion Gekijô-ban: Air/Magokoro wo, kimi ni",1997,8.1,"Animation, Action, Drama"
Lagaan: Once Upon a Time in India,2001,8.1,"Drama, Musical, Sport"
Η έκτη αίσθηση,1999,8.1,"Drama, Mystery, Thriller"
Οικογενειακή γιορτή,1998,8.1,Drama
Ο θρύλος του 1900,1998,8.1,"Drama, Music, Romance"
Ζωντανή μετάδοση,1998,8.1,"Comedy, Drama"
"Μαύρη γάτα, άσπρος γάτος",1998,8.1,"Comedy, Crime, Romance"
Ο μεγάλος Λεμπόφσκι,1998,8.1,"Comedy, Crime, Sport"
Ερωτική επιθυμία,2000,8.1,"Drama, Romance"
Trainspotting,1996,8.1,Drama
Fargo,1996,8.1,"Crime, Drama, Thriller"
Underground,1995,8.1,"Comedy, Drama, Fantasy"
Το μίσος,1995,8.1,"Crime, Drama"
Dilwale Dulhania Le Jayenge,1995,8.1,"Drama, Romance"
Πριν το ξημέρωμα,1995,8.1,"Drama, Romance"
Τρία χρώματα: Η κόκκινη ταινία,1994,8.1,"Drama, Mystery, Romance"
Chungking Express,1994,8.1,"Comedy, Crime, Drama"
Andaz Apna Apna,1994,8.1,"Action, Comedy, Romance"
Τζουράσικ Παρκ,1993,8.1,"Action, Adventure, Sci-Fi"
Εις το όνομα του πατρός,1993,8.1,"Biography, Crime, Drama"
"Αντίο, παλλακίδα μου",1993,8.1,"Drama, Music, Romance"
Σήκωσε τα κόκκινα φανάρια,1991,8.1,"Drama, History, Romance"
Ο κύκλος των χαμένων ποιητών,1989,8.1,"Comedy, Drama"
Τρελές ιστορίες έρωτα και φαντασίας,1987,8.1,"Adventure, Family, Fantasy"
Στάσου πλάι μου,1986,8.1,"Adventure, Drama"
Platoon,1986,8.1,"Drama, War"
"Παρίσι, Τέξας",1984,8.1,Drama
Η Ναυσικά της κοιλάδας των ανέμων,1984,8.1,"Animation, Adventure, Fantasy"
Η απειλή,1982,8.1,"Horror, Mystery, Sci-Fi"
"Φιτσκαράλντο, ο τυχοδιώκτης του Αμαζονίου",1982,8.1,"Adventure, Drama"
Φάννυ και Αλέξανδρος,1982,8.1,Drama
Μπλέιντ Ράνερ,1982,8.1,"Action, Sci-Fi, Thriller"
Ο Άνθρωπος Ελέφαντας,1980,8.1,"Biography, Drama"
Στάλκερ,1979,8.1,"Drama, Sci-Fi"
Ένας Προφήτης... Μα Τι Προφήτης!,1979,8.1,Comedy
Ο ελαφοκυνηγός,1978,8.1,"Drama, War"
"Ρόκι, τα χρυσά γάντια",1976,8.1,"Drama, Sport"
Το δίκτυο,1976,8.1,Drama
Μπάρρυ Λύντον,1975,8.1,"Adventure, Drama, History"
Ο καθρέφτης,1975,8.1,"Biography, Drama"
Χάρτινο φεγγάρι,1973,8.1,"Comedy, Crime, Drama"
Κραυγές και ψίθυροι,1972,8.1,Drama
Σολάρις,1972,8.1,"Drama, Mystery, Sci-Fi"
Ο Δολοφόνος με το Αγγελικό Πρόσωπο,1967,8.1,"Crime, Drama, Mystery"
Ο μεγάλος δραπέτης,1967,8.1,"Crime, Drama"
Έρωτες χωρίς φραγμό,1966,8.1,"Drama, Thriller"
Αντρέι Ρουμπλιόφ,1966,8.1,"Biography, Drama, History"
Η μάχη του Αλγερίου,1966,8.1,"Drama, War"
Ο εξολοθρευτής άγγελος,1962,8.1,"Drama, Fantasy"
Τι απέγινε η Μπέιμπι Τζέιν;,1962,8.1,"Drama, Horror, Thriller"
Sanjuro,1962,8.1,"Action, Comedy, Crime"
Ο άνθρωπος που σκότωσε τον Λίμπερτι Βάλανς,1962,8.1,"Drama, Western"
Τα παιδικά χρόνια του Ιβάν,1962,8.1,"Drama, War"
Η Πηγή των Παρθένων,1960,8.1,Drama
Κληρονομήστε τον άνεμο (1960),1960,8.1,"Biography, Drama, History"
Τα 400 χτυπήματα,1959,8.1,"Crime, Drama"
Μπεν Χουρ,1959,8.1,"Adventure, Drama, History"
Kakushi-toride no san-akunin,1958,8.1,"Adventure, Drama"
Νύχτες της Καμπίρια,1957,8.1,Drama
Ο θρόνος του αίματος,1957,8.1,"Drama, History"
Η γέφυρα του ποταμού Κβάι,1957,8.1,"Adventure, Drama, War"
Ριφιφί,1955,8.1,"Crime, Drama, Thriller"
Το λιμάνι της αγωνίας,1954,8.1,"Crime, Drama, Thriller"
Οι Διαβολογυναίκες,1955,8.1,"Crime, Drama, Horror"
Το Μεροκάματο του Τρόμου,1953,8.1,"Adventure, Drama, Thriller"
Το τελευταίο ατού,1951,8.1,"Drama, Film-Noir"
O megalos amartolos,1949,8.1,"Action, Crime, Drama"
Ο τρίτος άνθρωπος,1949,8.1,"Film-Noir, Mystery, Thriller"
Τα Κόκκινα Παπούτσια,1948,8.1,"Drama, Music, Romance"
Τα καλύτερα χρόνια της ζωής μας,1946,8.1,"Drama, Romance, War"
Ερωτική φωλιά,1940,8.1,"Comedy, Drama, Romance"
Ρεβέκκα,1940,8.1,"Drama, Mystery, Romance"
Τα σταφύλια της οργής,1940,8.1,"Drama, History"
"Αμερική, η χώρα της ελευθερίας",1939,8.1,"Comedy, Drama"
Όσα παίρνει ο άνεμος,1939,8.1,"Drama, History, Romance"
Η Μεγάλη Χίμαιρα,1937,8.1,"Drama, War"
Συνέβη μια νύχτα,1934,8.1,"Comedy, Romance"
Ουδέν νεώτερον από το δυτικό μέτωπο,1930,8.1,"Drama, War"
Το Πάθος της Ζαν ντ' Αρκ,1928,8.1,"Biography, Drama, History"
Ο Σαρλώ στο τσίρκο,1928,8.1,"Comedy, Romance"
Η αυγή,1927,8.1,"Drama, Romance"
Ο στρατηγός,1926,8.1,"Action, Adventure, Comedy"
Το εργαστήρι του Δρ.Καλιγκάρι,1920,8.1,"Fantasy, Horror, Mystery"
Badhaai ho,2018,8.0,"Comedy, Drama"
Togo,2019,8.0,"Adventure, Biography, Drama"
Airlift,2016,8.0,"Drama, History"
Bajrangi Bhaijaan,2015,8.0,"Action, Adventure, Comedy"
Baby,2015,8.0,"Action, Thriller"
La La Land,2016,8.0,"Comedy, Drama, Music"
Lion,2016,8.0,"Biography, Drama"
Η διάσωση,2015,8.0,"Adventure, Drama, Sci-Fi"
Ζωούπολη,2016,8.0,"Animation, Adventure, Comedy"
Bãhubali: The Beginning,2015,8.0,"Action, Drama"
Η Ιστορία της Πριγκίπισσας Kaguya,2013,8.0,"Animation, Adventure, Drama"
Θαύμα,2017,8.0,"Drama, Family"
Special Chabbis,2013,8.0,"Crime, Drama, Thriller"
Short Term 12,2013,8.0,Drama
Επιχείρηση: Χάος 2,2014,8.0,"Action, Crime, Thriller"
Το παιχνίδι της μίμησης,2014,8.0,"Biography, Drama, Thriller"
Φύλακες του γαλαξία,2014,8.0,"Action, Adventure, Comedy"
Blade Runner 2049,2017,8.0,"Action, Drama, Mystery"
Δικός της,2013,8.0,"Drama, Romance, Sci-Fi"
Η επιστροφή,2015,8.0,"Action, Adventure, Drama"
Οι επίλεκτοι 2,2010,8.0,"Action, Crime, Drama"
Ο λόγος του βασιλιά,2010,8.0,"Biography, Drama, History"
Υπηρέτριες,2011,8.0,Drama
Deadpool,2016,8.0,"Action, Adventure, Comedy"
Darbareye Elly,2009,8.0,"Drama, Mystery"
Dev.D,2009,8.0,"Comedy, Drama, Romance"
Ip Man: Η γέννηση του θρύλου,2008,8.0,"Action, Biography, Drama"
My Name Is Khan,2010,8.0,Drama
Nefes: Vatan Sagolsun,2009,8.0,"Action, Drama, Thriller"
Slumdog Millionaire,2008,8.0,"Drama, Romance"
Μαύρος κύκνος,2010,8.0,"Drama, Thriller"
Οι επίλεκτοι,2007,8.0,"Action, Crime, Drama"
Οι Εκδικητές,2012,8.0,"Action, Adventure, Sci-Fi"
Persepolis,2007,8.0,"Animation, Biography, Drama"
Dallas Buyers Club,2013,8.0,"Biography, Drama"
Το κυνήγι της ευτυχίας,2006,8.0,"Biography, Drama"
Ματωμένο διαμάντι,2006,8.0,"Adventure, Drama, Thriller"
Το τελεσίγραφο του Μπορν,2007,8.0,"Action, Adventure, Mystery"
Ολομόναχοι μαζί,2004,8.0,"Crime, Drama, Romance"
Αμαρτωλή Πόλη,2005,8.0,"Crime, Thriller"
Το Σκάφανδρο Και Η Πεταλούδα,2007,8.0,"Biography, Drama"
Taegukgi hwinalrimyeo,2004,8.0,"Action, Drama, War"
G.O.R.A.,2004,8.0,"Adventure, Comedy, Sci-Fi"
Ο Ρατατούης,2007,8.0,"Animation, Adventure, Comedy"
Casino Royale,2006,8.0,"Action, Adventure, Thriller"
Kill Bill: Vol. 2,2004,8.0,"Action, Crime, Thriller"
Η επιστροφή,2003,8.0,Drama
"Άνοιξη, καλοκαίρι, φθινόπωρο, χειμώνας... και άνοιξη",2003,8.0,"Drama, Romance"
Η θάλασσα μέσα μου,2004,8.0,"Biography, Drama"
Cinderella Man,2005,8.0,"Biography, Drama, History"
Σατανικές υποθέσεις,2002,8.0,"Action, Crime, Drama"
Οι πειρατές της Καραϊβικής: Η κατάρα του Μαύρου Μαργαριταριού,2003,8.0,"Action, Adventure, Fantasy"
Απίθανες ιστορίες,2003,8.0,"Adventure, Drama, Fantasy"
Οι απίθανοι,2004,8.0,"Animation, Action, Adventure"
Yeopgijeogin geunyeo,2001,8.0,"Comedy, Drama, Romance"
Dogville,2003,8.0,"Crime, Drama"
Vizontele,2001,8.0,"Comedy, Drama"
Donnie Darko,2001,8.0,"Drama, Mystery, Sci-Fi"
Μανόλια,1999,8.0,Drama
Χορεύοντας στο σκοτάδι,2000,8.0,"Crime, Drama, Musical"
The Straight Story,1999,8.0,"Biography, Drama"
Τέλειο Μπλε,1997,8.0,"Animation, Crime, Mystery"
Κεντρικός σταθµός,1998,8.0,Drama
Ο Σιδερένιος Γίγαντας,1999,8.0,"Animation, Action, Adventure"
Sling Blade,1996,8.0,Drama
Μυστικά και ψέματα,1996,8.0,"Comedy, Drama"
Οι δώδεκα πίθηκοι,1995,8.0,"Mystery, Sci-Fi, Thriller"
Kôkaku Kidôtai,1995,8.0,"Animation, Action, Crime"
Χριστουγεννιάτικος εφιάλτης,1993,8.0,"Animation, Family, Fantasy"
Η μέρα της μαρμότας,1993,8.0,"Comedy, Fantasy, Romance"
Δεσμοί αίματος,1993,8.0,"Crime, Drama"
Άρωμα Γυναίκας,1992,8.0,Drama
Αλαντίν,1992,8.0,"Animation, Adventure, Comedy"
JFK: H ιστορία που χαράχτηκε στη μνήμη μας,1991,8.0,"Drama, History, Thriller"
Η πεντάμορφη και το τέρας,1991,8.0,"Animation, Family, Fantasy"
Χορεύοντας με τους λύκους,1990,8.0,"Adventure, Drama, Western"
Κάνε το Σωστό,1989,8.0,"Comedy, Drama"
Ο άνθρωπος της βροχής,1988,8.0,Drama
Akira,1988,8.0,"Animation, Action, Drama"
Τα φτερά του έρωτα,1987,8.0,"Drama, Fantasy, Romance"
"Αντίο, Παιδιά",1987,8.0,"Drama, War"
Το κάστρο στον ουρανό,1986,8.0,"Animation, Adventure, Drama"
Η θυσία,1986,8.0,Drama
Ο εξολοθρευτής,1984,8.0,"Action, Sci-Fi"
Pink Floyd: Το τείχος,1982,8.0,"Drama, Fantasy, Music"
Γκάντι,1982,8.0,"Biography, Drama, History"
"Καγκεμούσα, η σκιά του πολεμιστή",1980,8.0,"Drama, History, War"
"Να είσαι εκεί, κύριε Τσανς",1979,8.0,"Comedy, Drama"
Νευρικός εραστής,1977,8.0,"Comedy, Romance"
Όλοι οι άνθρωποι του προέδρου,1976,8.0,"Biography, Drama, History"
Τα Σαγόνια του Καρχαρία,1975,8.0,"Adventure, Thriller"
Σκυλίσια μέρα,1975,8.0,"Biography, Crime, Drama"
Φρανκενστάιν Τζούνιορ,1974,8.0,Comedy
Ο Πεταλούδας,1973,8.0,"Biography, Crime, Drama"
Ο Εξορκιστής,1973,8.0,Horror
Σλουθ,1972,8.0,"Mystery, Thriller"
Η Τελευταία Παράσταση,1971,8.0,"Drama, Romance"
Ο βιολιστής στη στέγη,1971,8.0,"Drama, Family, Musical"
Ο Κονφορμίστας,1970,8.0,Drama
Οι Δύο Ληστές,1969,8.0,"Biography, Crime, Drama"
Το μωρό της Ρόζμαρυ,1968,8.0,"Drama, Horror"
Ο πλανήτης των πιθήκων,1968,8.0,"Adventure, Sci-Fi"
Ο πρωτάρης,1967,8.0,"Comedy, Drama, Romance"
Ποιος φοβάται τη Βιρτζίνια Γουλφ;,1966,8.0,Drama
Η μελωδία της ευτυχίας,1965,8.0,"Biography, Drama, Family"
Δόκτωρ Ζιβάγκο,1965,8.0,"Drama, Romance, War"
Για μια χούφτα δολλάρια,1964,8.0,"Action, Drama, Western"
8½,1963,8.0,Drama
Ζούσε τη ζωή της,1962,8.0,Drama
Ο κόσμος είναι δικός μου,1961,8.0,"Drama, Sport"
Γλυκιά ζωή,1960,8.0,"Comedy, Drama"
Ρίο Μπράβο,1959,8.0,"Action, Drama, Western"
Ανατομία ενός εγκλήματος,1959,8.0,"Crime, Drama, Mystery"
Ο άρχων του τρόμου,1958,8.0,"Crime, Drama, Film-Noir"
Λυσσασμένη γάτα,1958,8.0,Drama
Sweet Smell of Success,1957,8.0,"Drama, Film-Noir"
Το χρήμα της οργής,1956,8.0,"Crime, Drama, Film-Noir"
Ο Θανατοποινίτης με το Σημάδι,1955,8.0,"Crime, Drama, Film-Noir"
Πουλημένη από τη μητέρα της,1954,8.0,Drama
Ο καταδότης του θαλάμου 17,1953,8.0,"Comedy, Drama, War"
Διακοπές στη Ρώμη,1953,8.0,"Comedy, Romance"
Το Τρένο θα Σφυρίξει Τρεις Φορές,1952,8.0,"Drama, Thriller, Western"
Λεωφορείον ο Πόθος,1951,8.0,Drama
Ο άγνωστος του εξπρές,1951,8.0,"Crime, Film-Noir, Thriller"
Διψασμένος για Ηδονή,1950,8.0,"Drama, Film-Noir, Mystery"
Ο 13ος Κληρονόμος,1949,8.0,"Comedy, Crime"
Ο βρόγχος,1948,8.0,"Crime, Drama, Mystery"
Αμαρτωλοί και δολοφόνοι,1947,8.0,"Crime, Drama, Film-Noir"
Υπόθεσις Νοτόριους,1946,8.0,"Drama, Film-Noir, Romance"
Σύντομη Συνάντηση,1945,8.0,"Drama, Romance"
Λώρα,1944,8.0,"Drama, Film-Noir, Mystery"
Αρσενικό και Παλιά Δαντέλα,1943,8.0,"Comedy, Crime, Thriller"
Το γεράκι της Μάλτας,1941,8.0,"Crime, Film-Noir, Mystery"
Ο μάγος του Οζ,1939,8.0,"Adventure, Family, Fantasy"
Ο κανόνας του παιχνιδιού,1939,8.0,"Comedy, Drama"
The Thin Man,1934,8.0,"Comedy, Crime, Mystery"
Θωρηκτόν Ποτέμκιν,1925,8.0,"Drama, History, Thriller"
O Shang-Chi και ο Θρύλος των Δέκα Δαχτυλιδιών,2021,7.9,"Action, Adventure, Fantasy"
Στα Μαχαίρια,2019,7.9,"Comedy, Crime, Drama"
Κλέφτες καταστημάτων,2018,7.9,"Crime, Drama"
Ιστορία γάμου,2019,7.9,"Comedy, Drama, Romance"
Hindi Medium,2017,7.9,"Comedy, Drama"
Να με φωνάζεις με τ' όνομά σου,2017,7.9,"Drama, Romance"
Εγώ ο Ντάνιελ Μπλέικ,2016,7.9,Drama
Το νησί των σκύλων,2018,7.9,"Animation, Adventure, Comedy"
Κυνήγι ανθρώπων,2016,7.9,"Adventure, Comedy, Drama"
M.S. Dhoni: The Untold Story,2016,7.9,"Biography, Drama, Sport"
Captain Fantastic,2016,7.9,"Comedy, Drama"
Sing Street,2016,7.9,"Comedy, Drama, Music"
Thor: Ragnarok,2017,7.9,"Action, Adventure, Comedy"
Τζότζο,2019,7.9,"Comedy, Drama, War"
Η Άφιξη,2016,7.9,"Drama, Sci-Fi"
Gully Boy,2019,7.9,"Drama, Music, Romance"
Before Midnight,2013,7.9,"Drama, Romance"
X-Men: Ημέρες ενός ξεχασμένου μέλλοντος,2014,7.9,"Action, Adventure, Sci-Fi"
Κάποτε στην Ανατολία,2011,7.9,"Crime, Drama"
Bohemian Rhapsody,2018,7.9,"Biography, Drama, Music"
Τα πλεονεκτήματα του να είσαι στο περιθώριο,2012,7.9,"Drama, Romance"
The Artist,2011,7.9,"Comedy, Drama, Romance"
Στα όρια του αύριο,2014,7.9,"Action, Adventure, Sci-Fi"
Αγάπη,2012,7.9,Drama
Προφήτης,2009,7.9,"Crime, Drama"
Άσε το κακό να μπει,2008,7.9,"Crime, Drama, Fantasy"
District 9,2009,7.9,"Action, Sci-Fi, Thriller"
Ο παλαιστής,2008,7.9,"Drama, Sport"
Jab We Met,2007,7.9,"Comedy, Drama, Romance"
Μεγαλώνοντας,2014,7.9,Drama
"4 μήνες, 3 εβδομάδες & 2 μέρες",2007,7.9,Drama
Star Trek,2009,7.9,"Action, Adventure, Sci-Fi"
Αποστολή στην Μπριζ,2008,7.9,"Comedy, Crime, Drama"
The Man from Earth,2007,7.9,"Drama, Fantasy, Mystery"
Γράμματα από το Ίβο Τζίμα,2006,7.9,"Action, Adventure, Drama"
The Fall,2006,7.9,"Adventure, Drama, Fantasy"
Η ζωή του Πι,2012,7.9,"Adventure, Drama, Fantasy"
Ο απίθανος κύριος Φοξ,2009,7.9,"Animation, Adventure, Comedy"
C.R.A.Z.Y.,2005,7.9,"Comedy, Drama"
Τα Παιδιά της Χορωδίας,2004,7.9,"Comedy, Drama, Music"
Ο Ατσαλένιος Άνθρωπος,2008,7.9,"Action, Adventure, Sci-Fi"
Το ξύσιμο των νεκρών,2004,7.9,"Comedy, Horror"
Kal Ho Naa Ho,2003,7.9,"Comedy, Drama, Musical"
"Μαζί, ποτέ!",2004,7.9,"Drama, Romance"
Σκοτεινό ποτάμι,2003,7.9,"Crime, Drama, Mystery"
Ο Χάρι Πότερ και ο αιχμάλωτος του Αζκαμπάν,2004,7.9,"Adventure, Family, Fantasy"
Ήρωας,2002,7.9,"Action, Adventure, History"
Sennen joyû,2001,7.9,"Animation, Drama, Fantasy"
Μίλα της,2002,7.9,"Drama, Mystery, Romance"
No Man's Land,2001,7.9,"Comedy, Drama, War"
Cowboy Bebop: Tengoku no tobira,2001,7.9,"Animation, Action, Crime"
Χωρίς ταυτότητα,2002,7.9,"Action, Mystery, Thriller"
9 βασίλισσες,2000,7.9,"Crime, Drama, Thriller"
Τα παιδιά των ανθρώπων,2006,7.9,"Action, Sci-Fi, Thriller"
Όλα για τη μητέρα μου,1999,7.9,Drama
Σχεδόν διάσημοι,2000,7.9,"Adventure, Comedy, Drama"
Οδός Μαλχόλαντ,2001,7.9,"Drama, Mystery, Thriller"
Σρεκ,2001,7.9,"Animation, Adventure, Comedy"
Η ιστορία των παιχνιδιών 2,1999,7.9,"Animation, Adventure, Comedy"
Knockin' on Heaven's Door,1997,7.9,"Action, Crime, Comedy"
Ξέφρενες νύχτες,1997,7.9,Drama
Mimi wo sumaseba,1995,7.9,"Animation, Drama, Family"
Once Were Warriors,1994,7.9,"Crime, Drama"
Ιλιγγιώδης έρωτας,1993,7.9,"Crime, Drama, Romance"
Τρία χρώματα: Η μπλε ταινία,1993,7.9,"Drama, Music, Mystery"
Jûbê ninpûchô,1993,7.9,"Animation, Action, Adventure"
Υπόθεση Καρλίτο,1993,7.9,"Crime, Drama, Thriller"
Ο ψαλιδοχέρης,1990,7.9,"Drama, Fantasy, Romance"
Το αριστερό μου πόδι,1989,7.9,"Biography, Drama"
Κίκι: Η Μικρή Μαγισσούλα,1989,7.9,"Animation, Adventure, Drama"
Απιστίες και αμαρτίες,1989,7.9,"Comedy, Drama"
Οι αδιάφθοροι,1987,7.9,"Crime, Drama, Thriller"
Η Χάνα και οι αδελφές της,1986,7.9,"Comedy, Drama"
Μπραζίλ,1985,7.9,"Drama, Sci-Fi"
This Is Spinal Tap,1984,7.9,"Comedy, Music"
Μια Χριστουγεννιάτικη Ιστορία,1983,7.9,"Comedy, Family"
Οι ατσίδες με τα μπλε,1980,7.9,"Action, Adventure, Comedy"
Μανχάταν,1979,7.9,"Comedy, Drama, Romance"
Η παράσταση αρχίζει,1979,7.9,"Drama, Music, Musical"
"Ζόμπι, το ξύπνημα των νεκρών",1978,7.9,"Horror, Thriller"
La montaña sagrada,1973,7.9,"Adventure, Drama, Fantasy"
Θυμάμαι,1973,7.9,"Comedy, Drama"
Η κρυφή γοητεία της μπουρζουαζίας,1972,7.9,Comedy
"Αγκίρε, η μάστιγα του Θεού",1972,7.9,"Action, Adventure, Biography"
Harold and Maude,1971,7.9,"Comedy, Drama, Romance"
"Πάττον, ο θρύλος της Νορμανδίας",1970,7.9,"Biography, Drama, War"
Η άγρια συμμορία,1969,7.9,"Action, Adventure, Western"
Η νύχτα των ζωντανών νεκρών,1968,7.9,"Horror, Thriller"
Το λιοντάρι του χειμώνα,1968,7.9,"Biography, Drama, History"
Ιστορία ενός εγκλήματος,1967,7.9,"Crime, Drama, Mystery"
Ραντεβού στο Παρίσι,1963,7.9,"Comedy, Mystery, Romance"
Κάτω από έναν Άλλον Ήλιο,1962,7.9,"Drama, Thriller"
Σπάρτακος,1960,7.9,"Adventure, Biography, Drama"
Η Περιπέτεια,1960,7.9,"Drama, Mystery, Romance"
"Χιροσίμα, αγάπη μου",1959,7.9,"Drama, Romance"
Οι δέκα εντολές,1956,7.9,"Adventure, Drama"
Η αιχμάλωτος της ερήμου,1956,7.9,"Adventure, Drama, Western"
Ανατολικά της Εδέμ,1955,7.9,Drama
Χάρβεϊ,1950,7.9,"Comedy, Drama, Fantasy"
Η ζούγκλα της ασφάλτου,1950,7.9,"Crime, Drama, Film-Noir"
Το Θαύμα της 34ης Οδού,1947,7.9,"Comedy, Drama, Family"
Πάθος και αίμα,1946,7.9,"Crime, Film-Noir, Mystery"
Χαμένο Σαββατοκύριακο,1945,7.9,"Drama, Film-Noir"
Κοινωνικά σκάνδαλα,1940,7.9,"Comedy, Romance"
Ξαναπαντρεύομαι τη γυναίκα μου,1940,7.9,"Comedy, Drama, Romance"
Η Άμαξα της Αγωνίας,1939,7.9,"Adventure, Drama, Western"
Η Γυναίκα με τη Λεοπάρδαλη,1938,7.9,"Comedy, Family, Romance"
The Adventures of Robin Hood,1938,7.9,"Action, Adventure, Romance"
Μια Νύχτα στην Όπερα,1935,7.9,"Comedy, Music, Musical"
Κινγκ Κονγκ,1933,7.9,"Adventure, Horror, Sci-Fi"
Ta Terata,1932,7.9,"Drama, Horror"
"Νοσφεράτου, μια Συμφωνία Τρόμου",1922,7.9,"Fantasy, Horror"
Εγκληματίες Πρώτης Τάξεως,2019,7.8,"Action, Comedy, Crime"
Badla,2019,7.8,"Crime, Drama, Mystery"
Raazi,2018,7.8,"Action, Drama, Thriller"
Ήχος Από Μέταλλο,2019,7.8,"Drama, Music"
Δουνκέρκη,2017,7.8,"Action, Drama, History"
Οι Τέλειοι Ξένοι,2016,7.8,"Comedy, Drama"
Αφανείς ηρωίδες,2016,7.8,"Biography, Drama, History"
Πάντινγκτον 2,2017,7.8,"Animation, Adventure, Comedy"
Udta Punjab,2016,7.8,"Action, Crime, Drama"
Ο Κούμπο και οι δύο χορδές,2016,7.8,"Animation, Action, Adventure"
Μια Πόλη Δίπλα στη Θάλασσα,2016,7.8,Drama
Κάτω απ’ την άμμο,2015,7.8,"Drama, History, War"
Rogue One,2016,7.8,"Action, Adventure, Sci-Fi"
Captain America: Εμφύλιος πόλεμος,2016,7.8,"Action, Adventure, Sci-Fi"
Οι μισητοί οκτώ,2015,7.8,"Crime, Drama, Mystery"
Μικρές κυρίες,2019,7.8,"Drama, Romance"
Loving Vincent,2017,7.8,"Animation, Biography, Crime"
Pride,2014,7.8,"Biography, Comedy, Drama"
Νυχτερινός ανταποκριτής,2014,7.8,"Crime, Drama, Thriller"
Star Wars: Η δύναμη ξυπνάει,2015,7.8,"Action, Adventure, Sci-Fi"
Η τέλεια ομορφιά,2013,7.8,Drama
The Lunchbox: Παραδόσεις αγάπης,2013,7.8,"Drama, Romance"
Vicky Donor,2012,7.8,"Comedy, Romance"
Οι Υπερέξι,2014,7.8,"Animation, Action, Adventure"
Kai po che!,2013,7.8,"Drama, Sport"
Όσα Φέρνει ο Χρόνος,2013,7.8,"Comedy, Drama, Fantasy"
English Vinglish,2012,7.8,"Comedy, Drama, Family"
Kaze tachinu,2013,7.8,"Animation, Biography, Drama"
Το Τέλειο Χτύπημα,2013,7.8,"Crime, Drama, Mystery"
Ο έρωτας του φεγγαριού,2012,7.8,"Comedy, Drama, Romance"
Πώς να εκπαιδεύσετε τον δράκο σας 2,2014,7.8,"Animation, Action, Adventure"
Το μεγάλο σορτάρισμα,2015,7.8,"Biography, Comedy, Drama"
Αντίκρισα το διάβολο,2010,7.8,"Action, Crime, Drama"
Το Κορίτσι με το Τατουάζ,2011,7.8,"Crime, Drama, Mystery"
Captain Phillips,2013,7.8,"Adventure, Biography, Crime"
Ajeossi,2010,7.8,"Action, Crime, Drama"
Straight Outta Compton,2015,7.8,"Biography, Drama, History"
Ο Ιρλανδός,2019,7.8,"Biography, Crime, Drama"
Μητέρα,2009,7.8,"Crime, Drama, Mystery"
Ο Κυνηγός,2008,7.8,"Action, Crime, Thriller"
Φεγγάρι,2009,7.8,"Drama, Mystery, Sci-Fi"
Χόμπιτ: Η ερημιά του Νοσφιστή,2013,7.8,"Adventure, Fantasy"
Η λευκή κορδέλα,2009,7.8,"Drama, History, Mystery"
Το Κορίτσι με το Τατουάζ,2009,7.8,"Crime, Drama, Mystery"
Η Δίκη των 7 του Σικάγου,2020,7.8,"Drama, History, Thriller"
Άσπρο πάτο,2020,7.8,"Comedy, Drama"
The Fighter,2010,7.8,"Biography, Drama, Sport"
Η αρπαγή,2008,7.8,"Action, Crime, Thriller"
Το αγόρι πίσω από το συρματόπλεγμα,2008,7.8,"Drama, History, War"
Μια Φορά,2007,7.8,"Drama, Music, Romance"
The Hobbit: An Unexpected Journey,2012,7.8,"Adventure, Fantasy"
Η άκρη του ουρανού,2007,7.8,Drama
Εξιλέωση,2007,7.8,"Drama, Mystery, Romance"
Drive,2011,7.8,"Crime, Drama"
American Gangster,2007,7.8,"Biography, Crime, Drama"
Avatar,2009,7.8,"Action, Adventure, Fantasy"
Ο Κανένας,2009,7.8,"Drama, Fantasy, Romance"
Apocalypto,2006,7.8,"Action, Adventure, Drama"
Little Miss Sunshine,2006,7.8,"Comedy, Drama"
Καυτοί και Άσφαιροι,2007,7.8,"Action, Comedy, Mystery"
Η απίστευτη ιστορία του Μπένζαμιν Μπάτον,2008,7.8,"Drama, Fantasy, Romance"
Veer-Zaara,2004,7.8,"Drama, Family, Musical"
Τα μήλα του Αδάμ,2005,7.8,"Comedy, Crime, Drama"
Περηφάνια και προκατάληψη,2005,7.8,"Drama, Romance"
O anthropos ton rekor,2005,7.8,"Biography, Drama, Sport"
Tôkyô goddofâzâzu,2003,7.8,"Animation, Adventure, Comedy"
Serenity,2005,7.8,"Action, Adventure, Sci-Fi"
Walk the Line,2005,7.8,"Biography, Drama, Music"
Ondskan,2003,7.8,Drama
Το ημερολόγιο,2004,7.8,"Drama, Romance"
Ημερολόγια Μοτοσυκλέτας,2004,7.8,"Adventure, Biography, Drama"
Λίλια για Πάντα,2002,7.8,"Crime, Drama"
Το Τρίο της Μπελβίλ,2003,7.8,"Animation, Comedy, Drama"
Gongdong gyeongbi guyeok JSA,2000,7.8,"Action, Drama, Thriller"
Waking Life,2001,7.8,"Animation, Drama, Fantasy"
Σύγκρουση τιτάνων,2000,7.8,"Biography, Drama, Sport"
Τίγρης και δράκος,2000,7.8,"Action, Adventure, Fantasy"
Ναυαγός,2000,7.8,"Adventure, Drama, Romance"
The Insider,1999,7.8,"Biography, Drama, Thriller"
Όνειρα του ουρανού,1999,7.8,"Biography, Drama, Family"
Τιτανικός,1997,7.8,"Drama, Romance"
Η γεύση του κερασιού,1997,7.8,Drama
Πυροτεχνήματα,1997,7.8,"Crime, Drama, Romance"
Γκάτακα,1997,7.8,"Drama, Sci-Fi, Thriller"
Δαμάζοντας τα Κύματα,1996,7.8,Drama
Ed Wood,1994,7.8,"Biography, Comedy, Drama"
Σύγκρουση στον πράσινο βάλτο,1993,7.8,"Action, Biography, Drama"
The Sandlot,1993,7.8,"Comedy, Drama, Family"
Τ' απομεινάρια μιας μέρας,1993,7.8,"Drama, Romance"
Naked,1993,7.8,"Comedy, Drama"
Ο φυγάς,1993,7.8,"Action, Crime, Drama"
Ιστορίες του Μπρονξ,1993,7.8,"Crime, Drama, Romance"
Μπάτμαν: Η Μάσκα του Φαντάσματος,1993,7.8,"Animation, Action, Crime"
Lat sau san taam,1992,7.8,"Action, Crime, Thriller"
Η διπλή ζωή της Βερόνικα,1991,7.8,"Drama, Fantasy, Music"
Τα παιδιά της γειτονιάς,1991,7.8,"Crime, Drama"
Μίζερι,1990,7.8,"Drama, Thriller"
Ξυπνήματα,1990,7.8,"Biography, Drama"
Γκλόρι: Ο δρόμος για τη δόξα,1989,7.8,"Biography, Drama, History"
The Killer,1989,7.8,"Action, Crime, Drama"
Επιστροφή στο μέλλον 2,1989,7.8,"Adventure, Comedy, Sci-Fi"
Ο Μισισιπής καίγεται,1988,7.8,"Crime, Drama, History"
Ο Κυνηγός,1987,7.8,"Action, Adventure, Sci-Fi"
Η πιο κουφή μέρα του Φέρι Μπούλερ,1986,7.8,Comedy
Γκούνις: Το κυνήγι της μεγάλης περιπέτειας,1985,7.8,"Adventure, Comedy, Family"
Το πορφυρό χρώμα,1985,7.8,Drama
Μπρέκφαστ Κλαμπ,1985,7.8,"Comedy, Drama"
Κραυγές στη σιωπή,1984,7.8,"Biography, Drama, History"
Γκόστμπαστερς,1984,7.8,"Action, Comedy, Fantasy"
Οι κατάλληλοι άνθρωποι,1983,7.8,"Adventure, Biography, Drama"
Βασιλιάς για μια νύχτα,1982,7.8,"Comedy, Crime, Drama"
Ε.Τ. ο εξωγήινος,1982,7.8,"Family, Sci-Fi"
Κράμερ Εναντίον Κράμερ,1979,7.8,Drama
Ημέρες ευτυχίας,1978,7.8,"Drama, Romance"
Εκδικητής εκτός νόμου,1976,7.8,Western
Ο Ανθρωπος που θα Γινόταν Βασιλιάς,1975,7.8,"Adventure, History, War"
Η συνομιλία,1974,7.8,"Drama, Mystery, Thriller"
Άγριος Πλανήτης,1973,7.8,"Animation, Sci-Fi"
Η Ωρα του Τσακαλιού,1973,7.8,"Crime, Drama, Thriller"
Badlands,1973,7.8,"Action, Crime, Drama"
Καμπαρέ,1972,7.8,"Drama, Music, Musical"
Ο Γουίλι Γουόνκα και το Εργοστάσιο Σοκολάτας,1971,7.8,"Family, Fantasy, Musical"
Ο καουμπόι του μεσονυχτίου,1969,7.8,Drama
Περίμενε Μέχρι Να Νυχτώσει,1967,7.8,Thriller
Μάντεψε ποιος θα 'ρθει το βράδυ,1967,7.8,"Comedy, Drama"
Μπόννι και Κλάυντ,1967,7.8,"Action, Biography, Crime"
Οι Ομπρέλες του Χερβούργου,1964,7.8,"Drama, Musical, Romance"
Ωραία μου κυρία,1964,7.8,"Drama, Family, Musical"
Μαίρη Πόππινς,1964,7.8,"Comedy, Family, Fantasy"
Η πιο μεγάλη μέρα του πολέμου,1962,7.8,"Action, Drama, History"
Απολαύστε το Κορμί μου,1962,7.8,"Drama, Romance"
Μια μορφή στο παράθυρο,1961,7.8,Horror
Με κομμένη την ανάσα,1960,7.8,"Crime, Drama"
Ο ήσυχος άνθρωπος,1952,7.8,"Comedy, Drama, Romance"
Η βασίλισσα της Αφρικής,1951,7.8,"Adventure, Drama, Romance"
Το κόκκινο ποτάμι,1948,7.8,"Action, Adventure, Drama"
Στη βοή της καταιγίδας,1948,7.8,"Action, Crime, Drama"
Η σειρήνα της Μαρτινίκα,1944,7.8,"Adventure, Comedy, Film-Noir"
Εφιάλτης,1944,7.8,"Crime, Drama, Mystery"
Το χέρι που σκοτώνει,1943,7.8,"Film-Noir, Thriller"
Η κυρία εξαφανίζεται,1938,7.8,"Mystery, Thriller"
Η Νύφη του Φρανκενστάιν,1935,7.8,"Drama, Horror, Sci-Fi"
Σούπα Πάπιας,1933,7.8,"Comedy, Musical"
Σκάρφεϊς,1932,7.8,"Action, Crime, Drama"
Φρανκενστάιν,1931,7.8,"Drama, Horror, Sci-Fi"
Οι Μίτσελ και η Εξέγερση των Μηχανών,2021,7.7,"Animation, Adventure, Comedy"
Ρόμα,2018,7.7,Drama
Του Θεού η χώρα,2017,7.7,"Drama, Romance"
Deadpool 2,2018,7.7,"Action, Adventure, Comedy"
Στα ίχνη του ανέμου,2017,7.7,"Crime, Drama, Mystery"
Ο εμποράκος,2016,7.7,Drama
Τρέξε!,2017,7.7,"Horror, Mystery, Thriller"
Επικίνδυνη Αποστολή: Η Πτώση,2018,7.7,"Action, Adventure, Thriller"
Ο κύριος Όβε,2015,7.7,"Comedy, Drama, Romance"
Όσα κάνουμε στις σκιές,2014,7.7,"Comedy, Horror"
Omoide no Mânî,2014,7.7,"Animation, Drama, Family"
Η Θεωρία των Πάντων,2014,7.7,"Biography, Drama, Romance"
Kingsman: Η μυστική υπηρεσία,2014,7.7,"Action, Adventure, Comedy"
Το λάθος αστέρι,2014,7.7,"Drama, Romance"
"Εγώ, ο Ερλ και το κορίτσι που πεθαίνει",2015,7.7,"Comedy, Drama"
Birdman ή (Η απρόσμενη αρετή της αφέλειας),2014,7.7,"Comedy, Drama"
Le passé,2013,7.7,"Drama, Mystery"
Η ζωή της Αντέλ,2013,7.7,"Drama, Romance"
Ραγισμένα όνειρα,2012,7.7,"Drama, Music, Romance"
Η ιστορία των παιχνιδιών 4,2019,7.7,"Animation, Adventure, Comedy"
Captain America 2: O στρατιώτης του χειμώνα,2014,7.7,"Action, Adventure, Sci-Fi"
Rockstar,2011,7.7,"Drama, Music, Romance"
Nebraska,2013,7.7,"Adventure, Comedy, Drama"
Ραλφ: Η επόμενη πίστα,2012,7.7,"Animation, Adventure, Comedy"
Ο μικρός πρίγκηπας,2015,7.7,"Animation, Adventure, Drama"
Μαθήματα Ζωής,2011,7.7,Drama
Μεσάνυχτα στο Παρίσι,2011,7.7,"Comedy, Fantasy, Romance"
Kokuhaku,2010,7.7,"Drama, Thriller"
Η ταινία Lego,2014,7.7,"Animation, Action, Adventure"
Gravity,2013,7.7,"Adventure, Drama, Sci-Fi"
Star Trek Into Darkness,2013,7.7,"Action, Adventure, Sci-Fi"
Θηρία Χωρίς Πατρίδα,2015,7.7,"Drama, War"
Το κοινωνικό δίκτυο,2010,7.7,"Biography, Drama"
X-Men: Η πρώτη γενιά,2011,7.7,"Action, Adventure, Sci-Fi"
Το χανγκόβερ,2009,7.7,Comedy
Skyfall,2012,7.7,"Action, Adventure, Thriller"
Οδηγός αισιοδοξίας,2012,7.7,"Comedy, Drama, Romance"
Επιχείρηση: Argo,2012,7.7,"Biography, Drama, Thriller"
(500) μέρες με τη Σάμερ,2009,7.7,"Comedy, Drama, Romance"
Ο Χάρι Πότερ και οι κλήροι του θανάτου: Μέρος 1ο,2010,7.7,"Adventure, Fantasy, Mystery"
Πόνιο,2008,7.7,"Animation, Adventure, Comedy"
Frost/Nixon: Η αναμέτρηση,2008,7.7,"Biography, Drama, History"
Papurika,2006,7.7,"Animation, Drama, Fantasy"
Η ανταλλαγή,2008,7.7,"Biography, Crime, Drama"
Πρώτη Αγάπη,2010,7.7,"Comedy, Drama, Romance"
Toki o kakeru shôjo,2006,7.7,"Animation, Adventure, Comedy"
This Is England,2006,7.7,"Crime, Drama"
Από μηχανής,2014,7.7,"Drama, Sci-Fi, Thriller"
Μετά το γάμο,2006,7.7,Drama
Ο Τελευταίος Βασιλιάς της Σκοτίας,2006,7.7,"Biography, Drama, History"
Zodiac,2007,7.7,"Crime, Drama, Mystery"
Το στοίχημα του Σλέβιν,2006,7.7,"Crime, Drama, Thriller"
Καλά Χριστούγεννα,2005,7.7,"Drama, History, Music"
Control,2007,7.7,"Biography, Drama, Music"
Μαλλιά κουβάρια,2010,7.7,"Animation, Adventure, Comedy"
Μαύρη λίστα,2006,7.7,"Drama, Thriller, War"
Το Μυστικό του Brokeback Mountain,2005,7.7,"Drama, Romance"
Το τελευταίο τρένο για τη Γιούμα,2007,7.7,"Action, Crime, Drama"
Crash,2004,7.7,"Crime, Drama, Thriller"
Κουνγκ Φου... Ζιο,2004,7.7,"Action, Comedy, Fantasy"
Στη σκιά των κατασκόπων,2004,7.7,"Action, Mystery, Thriller"
Άγρυπνος,2004,7.7,"Drama, Thriller"
Ray,2004,7.7,"Biography, Drama, Music"
Χαμένοι στη μετάφραση,2003,7.7,"Comedy, Drama"
Ο Χάρι Πότερ και το κύπελλο της φωτιάς,2005,7.7,"Adventure, Family, Fantasy"
Δια πυρός και σιδήρου,2004,7.7,"Action, Crime, Drama"
Coraline: Το Σπίτι στην Ομίχλη,2009,7.7,"Animation, Drama, Family"
Ο τελευταίος σαμουράι,2003,7.7,"Action, Drama"
Οι Κόρες της Ντροπής,2002,7.7,Drama
Ψάχνοντας τη χώρα του ποτέ,2004,7.7,"Biography, Drama, Family"
Αντίο Λένιν,2003,7.7,"Comedy, Drama, Romance"
In America,2002,7.7,Drama
Adaptation.,2002,7.7,"Comedy, Drama"
Μαύρο γεράκι: Η κατάρριψη,2001,7.7,"Drama, History, War"
Ο δρόμος της απώλειας,2002,7.7,"Crime, Drama, Thriller"
Το πείραμα,2001,7.7,"Drama, Thriller"
Γεννημένος χορευτής,2000,7.7,"Drama, Music"
Hedwig and the Angry Inch,2001,7.7,"Comedy, Drama, Music"
Ο κόμης Μόντε Κρίστο,2002,7.7,"Action, Adventure, Drama"
Η συμμορία των έντεκα,2001,7.7,"Crime, Thriller"
Vampire Hunter D: Bloodlust,2000,7.7,"Animation, Action, Fantasy"
"Ω αδελφέ, πού είσαι;",2000,7.7,"Adventure, Comedy, Crime"
Interstate 60: Episodes of the Road,2002,7.7,"Adventure, Comedy, Drama"
Το πάρκο της τρέλας,1999,7.7,"Animation, Comedy, Fantasy"
Στην τρέλα του γραφείου,1999,7.7,Comedy
Ευτυχία,1998,7.7,"Comedy, Drama"
Εξολοθρευτές Άγιοι,1999,7.7,"Action, Crime, Thriller"
Ημέρα εκπαίδευσης,2001,7.7,"Crime, Drama, Thriller"
"Τρέξε, Λόλα, τρέξε",1998,7.7,"Crime, Drama, Thriller"
Ο αρχάριος,1998,7.7,"Comedy, Drama, Romance"
Άνοιξε τα μάτια,1997,7.7,"Drama, Mystery, Sci-Fi"
Στο μυαλό του Τζον Μάλκοβιτς,1999,7.7,"Comedy, Drama, Fantasy"
Καλύτερα δε γίνεται,1997,7.7,"Comedy, Drama, Romance"
Το παιχνίδι,1997,7.7,"Drama, Mystery, Thriller"
Το πέμπτο στοιχείο,1997,7.7,"Action, Adventure, Sci-Fi"
Δείπνο ηλιθίων,1998,7.7,Comedy
Ντόνι Μπράσκο,1997,7.7,"Biography, Crime, Drama"
Ευτυχισμένοι μαζί,1997,7.7,"Drama, Romance"
Ο σολίστας,1996,7.7,"Biography, Drama, Music"
Φόβος ενστίκτου,1996,7.7,"Crime, Drama, Mystery"
Άμλετ,1996,7.7,Drama
Λογική και ευαισθησία,1995,7.7,"Drama, Romance"
A Little Princess,1995,7.7,"Drama, Family, Fantasy"
Έκπτωτοι Άγγελοι,1995,7.7,"Comedy, Crime, Drama"
Ο Ταχυδρόμος,1994,7.7,"Biography, Comedy, Drama"
Υπάλληλοι,1994,7.7,Comedy
Τι βασανίζει τον Γκίλμπερτ Γκρέιπ,1993,7.7,Drama
Στιγμιότυπα,1993,7.7,"Comedy, Drama"
Φιλαδέλφεια,1993,7.7,Drama
Χριστουγεννιάτικη ιστορία,1992,7.7,"Comedy, Drama, Family"
Malcolm X,1992,7.7,"Biography, Drama, History"
Ο τελευταίος των Μοϊκανών,1992,7.7,"Action, Adventure, Drama"
Οι αερομαχίες του Πόρκο Ρόσσο,1992,7.7,"Animation, Adventure, Comedy"
Οικόπεδα με θέα,1992,7.7,"Crime, Drama, Mystery"
Ζήτημα τιμής,1992,7.7,"Drama, Thriller"
Μια νύχτα στον κόσμο,1991,7.7,"Comedy, Drama"
Πράσινες Τηγανητές Ντομάτες,1991,7.7,Drama
Barton Fink,1991,7.7,"Comedy, Drama, Thriller"
Το πέρασμα του Μίλερ,1990,7.7,"Crime, Drama, Thriller"
Ποιος παγίδεψε τον Ρότζερ Ράμπιτ,1988,7.7,"Animation, Adventure, Comedy"
Spoorloos,1988,7.7,"Mystery, Thriller"
Ο τελευταίος αυτοκράτορας,1987,7.7,"Biography, Drama, History"
Νεκρός την αυγή,1987,7.7,"Comedy, Horror"
Η αυτοκρατορία του Ήλιου,1987,7.7,"Action, Drama, History"
Το όνομα του ρόδου,1986,7.7,"Crime, Drama, Mystery"
Στην παγίδα του νόμου,1986,7.7,"Comedy, Crime, Drama"
Μπλε Βελούδο,1986,7.7,"Drama, Mystery, Thriller"
Το πορφυρό ρόδο του Καΐρου,1985,7.7,"Comedy, Fantasy, Romance"
Μετά τα μεσάνυχτα,1985,7.7,"Comedy, Crime, Drama"
Zelig,1983,7.7,Comedy
Η ετυμηγορία,1982,7.7,Drama
Σταρ Τρεκ Νο 2: Η οργή του Καν,1982,7.7,"Action, Adventure, Sci-Fi"
Ράμπο: Το πρώτο αίμα,1982,7.7,"Action, Adventure"
Συνηθισμένοι άνθρωποι,1980,7.7,Drama
"Μια Τρελή, Απίθανη Πτήση",1980,7.7,Comedy
Η Νύχτα με τις Μάσκες,1978,7.7,"Horror, Thriller"
Ο Ένοικος,1976,7.7,"Drama, Thriller"
Ο ειρηνοποιός,1975,7.7,"Comedy, War"
Πανικός στο Μετρό της Νέας Υόρκης,1974,7.7,"Action, Crime, Thriller"
"Μπότες, Σπιρούνια και Καυτές Σέλες",1974,7.7,"Comedy, Western"
Σέρπικο,1973,7.7,"Biography, Crime, Drama"
Ο κίτρινος πράκτωρ του Χονγκ Κονγκ,1973,7.7,"Action, Crime, Drama"
Όταν ξέσπασε η βία,1972,7.7,"Adventure, Drama, Thriller"
Ο άνθρωπος από τη Γαλλία,1971,7.7,"Action, Crime, Drama"
Ο Επιθεωρητής Κάλαχαν,1971,7.7,"Action, Crime, Thriller"
Ενα Παράξενο Ζευγάρι,1968,7.7,Comedy
Και οι 12 ήταν καθάρματα,1967,7.7,"Action, Adventure, War"
Η Ωραία της Ημέρας,1967,7.7,"Drama, Romance"
Ένας άνθρωπος για όλες τις εποχές,1966,7.7,"Biography, Drama, History"
Αποστροφή,1965,7.7,"Drama, Horror, Thriller"
Ζουλού,1964,7.7,"Drama, History, War"
"Τζέημς Μποντ, πράκτωρ 007: Εναντίων Χρυσοδάκτυλου",1964,7.7,"Action, Adventure, Thriller"
Τα πουλιά,1963,7.7,"Drama, Horror, Mystery"
Cape Fear,1962,7.7,"Drama, Thriller"
Ο ηδονοβλεψίας (1960),1960,7.7,"Drama, Horror, Thriller"
Και οι 7 ήταν υπέροχοι,1960,7.7,"Action, Adventure, Western"
Matia horis prosopo,1960,7.7,"Drama, Horror"
Οι άνθρωποι του τρόμου,1956,7.7,"Drama, Horror, Sci-Fi"
Επαναστάτης χωρίς αιτία,1955,7.7,Drama
The Ladykillers,1955,7.7,"Comedy, Crime"
"Γλυκιά μου, Σαμπρίνα",1954,7.7,"Comedy, Drama, Romance"
Η ανταρσία του Κέιν,1954,7.7,"Drama, War"
Όταν η Γη σταματήσει,1951,7.7,"Drama, Sci-Fi"
Fantasia,1940,7.7,"Animation, Family, Fantasy"
Ο Αόρατος Ανθρωπος,1933,7.7,"Horror, Sci-Fi"
Σκοτεινά νερά,2019,7.6,"Biography, Drama, History"
Searching,2018,7.6,"Drama, Mystery, Thriller"
Κάποτε στο Χόλλυγουντ,2019,7.6,"Comedy, Drama"
Χωρίς αγάπη,2017,7.6,Drama
Το Εξπρές των Ζωντανών Νεκρών,2016,7.6,"Action, Horror, Thriller"
The Florida Project,2017,7.6,Drama
Αγώνας για Δικαιοσύνη,2019,7.6,"Biography, Crime, Drama"
Χαρισματική,2017,7.6,Drama
Το Γεράκι του Φιστικοβούτυρου,2019,7.6,"Adventure, Comedy, Drama"
Victoria,2015,7.6,"Crime, Drama, Romance"
Φύλακες του Γαλαξία 2,2017,7.6,"Action, Adventure, Comedy"
Baby Driver,2017,7.6,"Action, Crime, Drama"
Ριψοκίνδυνοι άνδρες,2017,7.6,"Action, Biography, Drama"
Οι Απίθανοι 2,2018,7.6,"Animation, Action, Adventure"
Βαϊάνα,2016,7.6,"Animation, Adventure, Comedy"
Sicario: Ο εκτελεστής,2015,7.6,"Action, Crime, Drama"
Κριντ: Η γέννηση ενός θρύλου,2015,7.6,"Drama, Sport"
Λεβιάθαν,2014,7.6,"Crime, Drama"
Πάση θυσία,2016,7.6,"Action, Crime, Drama"
Philomena,2013,7.6,"Biography, Comedy, Drama"
Το σώμα,2012,7.6,"Mystery, Thriller"
Επιχείρηση: Χάος,2011,7.6,"Action, Thriller"
Περιπολία,2012,7.6,"Action, Adventure, Crime"
Ένα αστέρι γεννιέται,2018,7.6,"Drama, Music, Romance"
Αληθινό θράσος,2010,7.6,"Drama, Western"
"Ίσως, αύριο",2010,7.6,"Drama, Romance"
"Εγώ, ο Απαισιότατος",2010,7.6,"Animation, Adventure, Comedy"
50/50,2011,7.6,"Comedy, Drama, Romance"
Κελί 211,2009,7.6,"Action, Adventure, Crime"
Moneyball,2011,7.6,"Biography, Drama, Sport"
Το δέρμα που κατοικώ,2011,7.6,"Drama, Horror, Thriller"
Zombieland,2009,7.6,"Adventure, Comedy, Fantasy"
Το κύμα,2008,7.6,"Drama, Thriller"
Σέρλοκ Χολμς,2009,7.6,"Action, Adventure, Mystery"
Μια σχέση στοργής,2009,7.6,"Biography, Drama, Sport"
Επτά ζωές,2008,7.6,Drama
Eastern Promises,2007,7.6,"Action, Crime, Drama"
Death Note: Desu nôto,2006,7.6,"Crime, Drama, Fantasy"
Αστερόσκονη,2007,7.6,"Adventure, Family, Fantasy"
The Secret of Kells,2009,7.6,"Animation, Adventure, Family"
Ο υποκινητής,2006,7.6,"Crime, Drama, Mystery"
Χωρίς ίχνη,2007,7.6,"Crime, Drama, Mystery"
Τα Παπούτσια του Νεκρού,2004,7.6,"Crime, Drama, Thriller"
Ο Χάρι Πότερ και ο ημίαιμος πρίγκιψ,2009,7.6,"Action, Adventure, Family"
300,2006,7.6,"Action, Drama"
Match Point,2005,7.6,"Drama, Romance, Thriller"
Watchmen,2009,7.6,"Action, Drama, Mystery"
Σε βλέπω,2004,7.6,"Horror, Mystery, Thriller"
Ανοιχτή Πληγή,2004,7.6,Drama
Οι Ατελείωτοι Αρραβώνες,2004,7.6,"Drama, Mystery, Romance"
O stathmos,2003,7.6,"Comedy, Drama"
21 γραμμάρια,2003,7.6,"Crime, Drama, Thriller"
Η τελευταία εκδίκηση,2002,7.6,"Crime, Drama, Thriller"
25η ώρα,2002,7.6,Drama
Το φαινόμενο της πεταλούδας,2004,7.6,"Drama, Sci-Fi, Thriller"
Τ' όνομά μου είναι Σαμ,2001,7.6,Drama
Battle Royale,2000,7.6,"Action, Adventure, Drama"
Οικογένεια Τενενμπάουμ,2001,7.6,"Comedy, Drama"
Θέλω και τη μαμά σου,2001,7.6,Drama
Ο Χάρι Πότερ και η φιλοσοφική λίθος,2001,7.6,"Adventure, Family, Fantasy"
Οι άλλοι,2001,7.6,"Horror, Mystery, Thriller"
Minority Report,2002,7.6,"Action, Crime, Mystery"
American Psycho,2000,7.6,"Comedy, Crime, Drama"
Η λεπτή κόκκινη γραμμή,1998,7.6,"Drama, History, War"
Μουλάν,1998,7.6,"Animation, Adventure, Drama"
Φόβος και παράνοια στο Λας Βέγκας,1998,7.6,"Adventure, Comedy, Drama"
Σκοτεινή πόλη,1998,7.6,"Fantasy, Mystery, Sci-Fi"
Χαμένη Λεωφόρος,1997,7.6,"Mystery, Thriller"
Πολύ σκληρός για να πεθάνει: Η εκδίκηση,1995,7.6,"Action, Adventure, Thriller"
Οι γέφυρες του Μάντισον,1995,7.6,"Drama, Romance"
Απόλλων 13,1995,7.6,"Adventure, Drama, History"
Τρία χρώματα: Η λευκή ταινία,1994,7.6,"Comedy, Drama, Romance"
Νεανικά μπερδέματα,1993,7.6,Comedy
Το ξαδερφάκι μου ο Βίνι,1992,7.6,"Comedy, Crime"
Ταξιδιώτες στο Παρελθόν,1991,7.6,"Animation, Drama, Romance"
Ντελικατέσεν,1991,7.6,"Comedy, Crime"
Μόνος στο σπίτι,1990,7.6,"Comedy, Family"
Ο νονός 3,1990,7.6,"Crime, Drama"
Όταν ο Χάρυ γνώρισε τη Σάλυ,1989,7.6,"Comedy, Drama, Romance"
Τρελές σφαίρες,1988,7.6,"Comedy, Crime"
Ο Φίλος μου κι Εγώ,1987,7.6,"Comedy, Drama"
Φονικό όπλο,1987,7.6,"Action, Crime, Thriller"
Μόνο αίμα,1984,7.6,"Crime, Drama, Thriller"
Μαντ Μαξ 2: Εκδικητής πέρα απ' το νόμο,1981,7.6,"Action, Adventure, Sci-Fi"
Οι μαχητές,1979,7.6,"Action, Crime, Thriller"
Λουπέν ο 3ος: Το Κάστρο του Καλιόστρο,1979,7.6,"Animation, Action, Adventure"
Οι απίθανοι Μάππετ κοντά σας,1979,7.6,"Adventure, Comedy, Family"
Απόδραση από το Αλκατράζ,1979,7.6,"Action, Biography, Crime"
Watership Down,1978,7.6,"Animation, Adventure, Drama"
Στενές επαφές τρίτου τύπου,1977,7.6,"Drama, Sci-Fi"
Ο Μεγάλος Αποχαιρετισμός,1973,7.6,"Comedy, Crime, Drama"
Κάτω τα κεφάλια,1971,7.6,"Drama, War, Western"
Ήρωες με βρώμικα χέρια,1970,7.6,"Adventure, Comedy, War"
Όπου τολμούν οι αετοί,1968,7.6,"Action, Adventure, War"
Το βιβλίο της ζούγκλας,1967,7.6,"Animation, Adventure, Family"
Ξεφάντωμα με τους Μπιτλς,1964,7.6,"Comedy, Musical"
Πρόγευμα στο Τίφανις,1961,7.6,"Comedy, Drama, Romance"
Ο γίγας,1956,7.6,"Drama, Western"
Όσο υπάρχουν άνθρωποι,1953,7.6,"Drama, Romance, War"
Γκίλντα,1946,7.6,"Drama, Film-Noir, Romance"
Στον ίσκιο του θανάτου,1944,7.6,"Drama, War"
Τα 39 σκαλοπάτια,1935,7.6,"Crime, Mystery, Thriller"
